Posisi,Perusahaan,Bidang,Jenjang,Induk Perusahaan
Staf Teknologi,PT Industri Kereta Api (Persero),Developer Information Technology,Sarjana S1 / Diploma IV,PT Industri Kereta Api (Persero)
Staf Pengelolaan Proyek,PT Industri Kereta Api (Persero),Operasi / Produksi / Proyek,Sarjana S1 / Diploma IV,PT Industri Kereta Api (Persero)
Staf Information Technology,PT Industri Kereta Api (Persero),Digitalisasi and IT,Sarjana S1 / Diploma IV,PT Industri Kereta Api (Persero)
Staf Quality Control Testing,PT Industri Kereta Api (Persero),Engineering and Maintenance,Sarjana S1 / Diploma IV,PT Industri Kereta Api (Persero)
Staf Purchasing,PT Industri Kereta Api (Persero),Logistic / Supply Chain / Asset / GA,Sarjana S1 / Diploma IV,PT Industri Kereta Api (Persero)
Staff Non Management Trainee (Staff Operasional),PT Taspen (Persero),Bisnis Niaga / Pemasaran,Diploma III,PT Taspen (Persero)
Data Analyst,PT Waskita Karya (Persero) Tbk,Analyst Research,Sarjana S1 / Diploma IV,PT Waskita Karya (Persero) Tbk
Data Scientist,PT Waskita Karya (Persero) Tbk,Analyst Research,Sarjana S1 / Diploma IV,PT Waskita Karya (Persero) Tbk
Sales Marketing,PT Waskita Karya (Persero) Tbk,Bisnis Niaga / Pemasaran,Sarjana S1 / Diploma IV,PT Waskita Karya (Persero) Tbk
Staf IT,PT Waskita Karya (Persero) Tbk,Digitalisasi and IT,Sarjana S1 / Diploma IV,PT Waskita Karya (Persero) Tbk
Staf Portofolio,PT Waskita Karya (Persero) Tbk,Keuangan,Sarjana S1 / Diploma IV,PT Waskita Karya (Persero) Tbk
Quantity Surveyor,PT Waskita Karya (Persero) Tbk,Engineering and Maintenance,Sarjana S1 / Diploma IV,PT Waskita Karya (Persero) Tbk
Engineering Officer,PT Waskita Karya (Persero) Tbk,Engineering and Maintenance,Sarjana S1 / Diploma IV,PT Waskita Karya (Persero) Tbk
Staf Akuntansi,PT Waskita Karya (Persero) Tbk,Keuangan,Sarjana S1 / Diploma IV,PT Waskita Karya (Persero) Tbk
Staf Satuan Pengawasan Intern,PT Waskita Karya (Persero) Tbk,Legal and Compliance,Sarjana S1 / Diploma IV,PT Waskita Karya (Persero) Tbk
Staff Akuntansi,PT Biofarma (Persero),Keuangan,Sarjana S1 / Diploma IV,PT Biofarma (Persero)
Laboran / Operator,PT Biofarma (Persero),Operasi / Produksi / Proyek,Diploma III,PT Biofarma (Persero)
Staff Produksi,PT Biofarma (Persero),Operasi / Produksi / Proyek,Sarjana S1 / Diploma IV,PT Biofarma (Persero)
Asisten Peneliti,PT Biofarma (Persero),Analyst Research,Sarjana S1 / Diploma IV,PT Biofarma (Persero)
ATLM,PT Bio Farma (Persero) - PT Kimia Farma Tbk - PT Kimia Farma Diagnostika,Sistem Management and Safety,Diploma III,PT Bio Farma (Persero)
Perawat,PT Bio Farma (Persero) - PT Kimia Farma Tbk - PT Kimia Farma Diagnostika,Sistem Management and Safety,Diploma III,PT Bio Farma (Persero)
Staff HC Talent & Development,PT Bio Farma (Persero) - PT Kimia Farma Tbk - PT Kimia Farma Apotek,SDM / HC,Sarjana S1 / Diploma IV,PT Bio Farma (Persero)
Staff Pelaksana HC Operation,PT Bio Farma (Persero) - PT Kimia Farma Tbk - PT Kimia Farma Apotek,SDM / HC,Sarjana S1 / Diploma IV,PT Bio Farma (Persero)
Staff Finance,PT Bio Farma (Persero) - PT Kimia Farma Tbk - PT Kimia Farma Apotek,Keuangan,Sarjana S1 / Diploma IV,PT Bio Farma (Persero)
Asisten Peneliti Mikrobiologi,PT Biofarma (Persero) - PT Kimia Farma Tbk,Analyst Research,Diploma III,PT Biofarma (Persero)
IT Officer,PT Bank Rakyat Indonesia (Persero) Tbk,Developer Information Technology,Sarjana S1 / Diploma IV,PT Bank Rakyat Indonesia (Persero) Tbk
Internal Audit,PT Danareksa (Persero),Legal and Compliance,Sarjana S1 / Diploma IV,PT Danareksa (Persero)
Assistant Investment Manager (officer),PT Danareksa (Persero) - PT Perusahaan Pengelola Aset,Capital Market Investment Banking,Sarjana S1 / Diploma IV,PT Danareksa (Persero)
Pelaksana Reporting & Hubungan Stakeholder,PT Danareksa (Persero) - PT Surabaya Industrial Estate Rungkut,Logistic / Supply Chain / Asset / GA,Sarjana S1 / Diploma IV,PT Danareksa (Persero)
Pelaksana Penyedia Jasa Pekerjaan,PT Danareksa (Persero) - PT Surabaya Industrial Estate Rungkut,Logistic / Supply Chain / Asset / GA,Sarjana S1 / Diploma IV,PT Danareksa (Persero)
Business Analyst,PT Danareksa (Persero) - PT Danareksa Capital - PT Reksasentosa Dinamika,Analyst Research,Sarjana S1 / Diploma IV,PT Danareksa (Persero)
Editor,PT Danareksa (Persero) - PT Balai Pustaka,Operasi / Produksi / Proyek,Sarjana S1 / Diploma IV,PT Danareksa (Persero)
Copywriter,PT Danareksa (Persero) - PT Balai Pustaka,Operasi / Produksi / Proyek,Sarjana S1 / Diploma IV,PT Danareksa (Persero)
Business Development & Corporate Planner,PT Danareksa (Persero) - PT Balai Pustaka,Pengembangan Usaha / R and D,Sarjana S1 / Diploma IV,PT Danareksa (Persero)
Staf SDM,PT Danareksa (Persero) - PT Kawasan Industri Makasar,SDM / HC,Sarjana S1 / Diploma IV,PT Danareksa (Persero)
Staf Komunikasi & Kelembagaan,PT Danareksa (Persero) - PT Kawasan Industri Makasar,Bisnis Niaga / Pemasaran,Sarjana S1 / Diploma IV,PT Danareksa (Persero)
Staf Bidang Hukum,PT Danareksa (Persero) - PT Kawasan Industri Makasar,Legal and Compliance,Sarjana S1 / Diploma IV,PT Danareksa (Persero)
Staf Keuangan & Akuntansi,PT Danareksa (Persero) - PT Kawasan Industri Makasar,Keuangan,Sarjana S1 / Diploma IV,PT Danareksa (Persero)
Staf Pengelolaan Sumber Daya Hutan,Perum Perhutani,Operasi / Produksi / Proyek,Sarjana S1 / Diploma IV,Perum Perhutani
Staf Pengelolaan Sumber Daya Hutan,Perum Perhutani,Operasi / Produksi / Proyek,Sarjana S1 / Diploma IV,Perum Perhutani
Staf Technology,Perum Perhutani,Engineering and Maintenance,Sarjana S1 / Diploma IV,Perum Perhutani
Staf Technology,Perum Perhutani,Engineering and Maintenance,Sarjana S1 / Diploma IV,Perum Perhutani
Staf Komunikasi Perusahaan,Perum Perhutani,Bisnis Niaga / Pemasaran,Diploma III,Perum Perhutani
Staf Peneliti Riset n Inovasi,Perum Perhutani,Analyst Research,Sarjana S1 / Diploma IV,Perum Perhutani
"Staf Pengujian, QC dan QA",Perum Perhutani,Analyst Research,Diploma III,Perum Perhutani
Staf Industri Hasil Hutan Bukan Kayu,Perum Perhutani,Operasi / Produksi / Proyek,Sarjana S1 / Diploma IV,Perum Perhutani
Staf Pengelolaan Lingkungan,Perum Perhutani,Operasi / Produksi / Proyek,Sarjana S1 / Diploma IV,Perum Perhutani
Staf Asesor Kompetensi,Perum Perhutani,SDM / HC,Sarjana S1 / Diploma IV,Perum Perhutani
Staf SDM,Perum Perhutani,SDM / HC,Sarjana S1 / Diploma IV,Perum Perhutani
Staf Perpajakan,Perum Perhutani,Keuangan,Sarjana S1 / Diploma IV,Perum Perhutani
Staf Akuntansi,Perum Perhutani,Keuangan,Sarjana S1 / Diploma IV,Perum Perhutani
Staf Perencanaan & Pengembangan Bisnis,Perum Perhutani,Pengembangan Usaha / R and D,Sarjana S1 / Diploma IV,Perum Perhutani
Staf Perencanaan Strategis,Perum Perhutani,Strategic Planning,Sarjana S1 / Diploma IV,Perum Perhutani
Staf Perencanaan Strategis,Perum Perhutani,Strategic Planning,Sarjana S1 / Diploma IV,Perum Perhutani
Staf Pengelolaan Unit Manajemen Hutan,Perum Perhutani - PT. Inhutani I - PT. Inhutani I,Operasi / Produksi / Proyek,Sarjana S1 / Diploma IV,Perum Perhutani
Staf Pengelolaan Unit Industri Hasil Hutan Kayu,Perum Perhutani - PT. Inhutani I - PT. Inhutani I,Operasi / Produksi / Proyek,Sarjana S1 / Diploma IV,Perum Perhutani
Staf Pengelolaan Unit Manajemen Hutan Tanaman Industri,Perum Perhutani - PT. Inhutani I - PT. Inhutani I,Operasi / Produksi / Proyek,Sarjana S1 / Diploma IV,Perum Perhutani
Staf Pengelolaan Unit Industri Hasil Hutan Kayu,Perum Perhutani - PT. Inhutani I - PT. Inhutani I,Engineering and Maintenance,Sarjana S1 / Diploma IV,Perum Perhutani
Staf Administrasi Keuangan,Perum Perhutani - PT. Inhutani I - PT. Inhutani I,Keuangan,Sarjana S1 / Diploma IV,Perum Perhutani
Staf Pengelolaan Unit Manajemen Hutan,Perum Perhutani - PT. Inhutani I - PT. Inhutani I,Operasi / Produksi / Proyek,Diploma III,Perum Perhutani
Staf Administrasi Keuangan,Perum Perhutani - PT. Inhutani I - PT. Inhutani I,Keuangan,Diploma III,Perum Perhutani
Staf Pengelolaan Unit Industri Hasil Hutan Kayu,Perum Perhutani - PT. Inhutani I - PT. Inhutani I,Engineering and Maintenance,Diploma III,Perum Perhutani
Staf Hukum dan Kepatuhan,Perum Perhutani - PT. Palawi Risorsis - PT. Palawi Risorsis,Legal and Compliance,Sarjana S1 / Diploma IV,Perum Perhutani
Supervisor,PT Adhi Karya (Persero) Tbk,Engineering and Maintenance,Diploma III,PT Adhi Karya (Persero) Tbk
Surveyor,PT Adhi Karya (Persero) Tbk,Engineering and Maintenance,Diploma III,PT Adhi Karya (Persero) Tbk
Officer Adm & Land Asset Claim,PT Krakatau Steel (Persero) Tbk,Logistic / Supply Chain / Asset / GA,Diploma III,PT Krakatau Steel (Persero) Tbk
FINANCIAL ACCOUNTANT,PT Krakatau Steel (Persero) Tbk - PT Krakatau Baja Konstruksi,Keuangan,Sarjana S1 / Diploma IV,PT Krakatau Steel (Persero) Tbk
Officer Accounting/Finance,PT Krakatau Steel (Persero) Tbk - PT Krakatau Baja Konstruksi - PT Krakatau Pipe Industries,Keuangan,Sarjana S1 / Diploma IV,PT Krakatau Steel (Persero) Tbk
Staff Accounting/Finance,PT Krakatau Steel (Persero) Tbk - PT Krakatau Sarana Infrastruktur - PT Krakatau Bandar Samudera,Keuangan,Sarjana S1 / Diploma IV,PT Krakatau Steel (Persero) Tbk
Cost Accounting Specialist,PT Krakatau Steel (Persero) Tbk - PT Krakatau Sarana Infrastruktur - PT Krakatau Daya Listrik,Keuangan,Sarjana S1 / Diploma IV,PT Krakatau Steel (Persero) Tbk
Budget Control Unit Staff,PT Reasuransi Indonesia Utama (Persero),Keuangan,Sarjana S1 / Diploma IV,PT Reasuransi Indonesia Utama (Persero)
Accounting Unit Staff,PT Reasuransi Indonesia Utama (Persero),Keuangan,Sarjana S1 / Diploma IV,PT Reasuransi Indonesia Utama (Persero)
Procurement Unit Staff,PT Reasuransi Indonesia Utama (Persero),Logistic / Supply Chain / Asset / GA,Sarjana S1 / Diploma IV,PT Reasuransi Indonesia Utama (Persero)
Programmer,PT Reasuransi Indonesia Utama (Persero) - PT Asuransi Asei Indonesia,Developer Information Technology,Sarjana S1 / Diploma IV,PT Reasuransi Indonesia Utama (Persero)
Aktuaria,PT Reasuransi Indonesia Utama (Persero) - PT Asuransi Asei Indonesia,Analyst Research,Sarjana S1 / Diploma IV,PT Reasuransi Indonesia Utama (Persero)
Aktuaria,PT Reasuransi Indonesia Utama (Persero) - PT Reasuransi Syariah Indonesia,Analyst Research,Sarjana S1 / Diploma IV,PT Reasuransi Indonesia Utama (Persero)
Staff Underwriter RU,PT Reasuransi Indonesia Utama (Persero) - PT Reasuransi Syariah Indonesia,Capital Market Investment Banking,Sarjana S1 / Diploma IV,PT Reasuransi Indonesia Utama (Persero)
Staff Akuntansi,PT Reasuransi Indonesia Utama (Persero) - PT Reasuransi Syariah Indonesia,Keuangan,Sarjana S1 / Diploma IV,PT Reasuransi Indonesia Utama (Persero)
Staff Manajemen Risiko Data Analytic,PT Bahana Pembinaan Usaha Indonesia (Persero),Risk Management,Sarjana S1 / Diploma IV,PT Bahana Pembinaan Usaha Indonesia (Persero)
Staff Bisnis Asuransi Umum dan Penjaminan,PT Bahana Pembinaan Usaha Indonesia (Persero),Keuangan,Sarjana S1 / Diploma IV,PT Bahana Pembinaan Usaha Indonesia (Persero)
Staff Bisnis Asuransi Umum dan Penjaminan,PT Bahana Pembinaan Usaha Indonesia (Persero),Pengembangan Usaha / R and D,Sarjana S1 / Diploma IV,PT Bahana Pembinaan Usaha Indonesia (Persero)
Staff Bisnis Capital Market dan Investasi,PT Bahana Pembinaan Usaha Indonesia (Persero),Capital Market Investment Banking,Sarjana S1 / Diploma IV,PT Bahana Pembinaan Usaha Indonesia (Persero)
Staff Umum,PT Bahana Pembinaan Usaha Indonesia (Persero),Logistic / Supply Chain / Asset / GA,Sarjana S1 / Diploma IV,PT Bahana Pembinaan Usaha Indonesia (Persero)
Staf Special Liability Management,PT Bahana Pembinaan Usaha Indonesia (Persero),Risk Management,Sarjana S1 / Diploma IV,PT Bahana Pembinaan Usaha Indonesia (Persero)
Staf Pengembangan TI (Programmer),PT Bahana Pembinaan Usaha Indonesia (Persero) - PT Asuransi Kredit Indonesia - PT Jaminan Pembiayaan Askrindo Syariah,Developer Information Technology,Sarjana S1 / Diploma IV,PT Bahana Pembinaan Usaha Indonesia (Persero)
Staf Tata Kelola,PT Bahana Pembinaan Usaha Indonesia (Persero) - PT Asuransi Kredit Indonesia - PT Jaminan Pembiayaan Askrindo Syariah,Logistic / Supply Chain / Asset / GA,Sarjana S1 / Diploma IV,PT Bahana Pembinaan Usaha Indonesia (Persero)
Staf Pemasaran,PT Bahana Pembinaan Usaha Indonesia (Persero) - PT Asuransi Kredit Indonesia - PT Jaminan Pembiayaan Askrindo Syariah,Bisnis Niaga / Pemasaran,Sarjana S1 / Diploma IV,PT Bahana Pembinaan Usaha Indonesia (Persero)
Staf Aktuaria,PT Bahana Pembinaan Usaha Indonesia (Persero) - PT Asuransi Kredit Indonesia - PT Jaminan Pembiayaan Askrindo Syariah,Analyst Research,Sarjana S1 / Diploma IV,PT Bahana Pembinaan Usaha Indonesia (Persero)
Staf Analis,PT Bahana Pembinaan Usaha Indonesia (Persero) - PT Asuransi Kredit Indonesia - PT Jaminan Pembiayaan Askrindo Syariah,Analyst Research,Sarjana S1 / Diploma IV,PT Bahana Pembinaan Usaha Indonesia (Persero)
Officer Pemasaran,PT Bahana Pembinaan Usaha Indonesia (Persero) - PT Asuransi Kredit Indonesia,Bisnis Niaga / Pemasaran,Sarjana S1 / Diploma IV,PT Bahana Pembinaan Usaha Indonesia (Persero)
Analyst Underwriter,PT Bahana Pembinaan Usaha Indonesia (Persero) - PT Asuransi Kredit Indonesia,Risiko Bisnis / Enterprise Risk,Sarjana S1 / Diploma IV,PT Bahana Pembinaan Usaha Indonesia (Persero)
Staf Bidang Operasional,PT Bahana Pembinaan Usaha Indonesia (Persero) - PT Asuransi Kerugian Jasa Raharja,Operasi / Produksi / Proyek,Sarjana S1 / Diploma IV,PT Bahana Pembinaan Usaha Indonesia (Persero)
Programmer,PT Bahana Pembinaan Usaha Indonesia (Persero) - PT Asuransi Jasa Indonesia,Developer Information Technology,Sarjana S1 / Diploma IV,PT Bahana Pembinaan Usaha Indonesia (Persero)
Legal,PT Bahana Pembinaan Usaha Indonesia (Persero) - PT Asuransi Jasa Indonesia,Legal and Compliance,Sarjana S1 / Diploma IV,PT Bahana Pembinaan Usaha Indonesia (Persero)
Actuary,PT Bahana Pembinaan Usaha Indonesia (Persero) - PT Asuransi Jasa Indonesia,Analyst Research,Sarjana S1 / Diploma IV,PT Bahana Pembinaan Usaha Indonesia (Persero)
Underwriter,PT Bahana Pembinaan Usaha Indonesia (Persero) - PT Asuransi Jasa Indonesia,Risiko Bisnis / Enterprise Risk,Sarjana S1 / Diploma IV,PT Bahana Pembinaan Usaha Indonesia (Persero)
Ligitasi,PT Bahana Pembinaan Usaha Indonesia (Persero) - PT Jaminan Kredit Indonesia,Legal and Compliance,Sarjana S1 / Diploma IV,PT Bahana Pembinaan Usaha Indonesia (Persero)
Network Monitoring,PT Bahana Pembinaan Usaha Indonesia (Persero) - PT Jaminan Kredit Indonesia,Digitalisasi and IT,Sarjana S1 / Diploma IV,PT Bahana Pembinaan Usaha Indonesia (Persero)
Database Admin,PT Bahana Pembinaan Usaha Indonesia (Persero) - PT Jaminan Kredit Indonesia,Digitalisasi and IT,Sarjana S1 / Diploma IV,PT Bahana Pembinaan Usaha Indonesia (Persero)
Finance,PT Bahana Pembinaan Usaha Indonesia (Persero) - PT Jaminan Kredit Indonesia,Keuangan,Sarjana S1 / Diploma IV,PT Bahana Pembinaan Usaha Indonesia (Persero)
Business Analyst,PT Bahana Pembinaan Usaha Indonesia (Persero) - PT Jaminan Kredit Indonesia,Analyst Research,Sarjana S1 / Diploma IV,PT Bahana Pembinaan Usaha Indonesia (Persero)
Data Analyst,PT Bahana Pembinaan Usaha Indonesia (Persero) - PT Jaminan Kredit Indonesia,Analyst Research,Sarjana S1 / Diploma IV,PT Bahana Pembinaan Usaha Indonesia (Persero)
Business Development Analyst Officer,PT RNI (Persero) - ID FOOD - PT Berdikari,Analyst Research,Sarjana S1 / Diploma IV,PT RNI (Persero)
Staf IT,PT RNI (Persero) - ID FOOD - PT Garam,Digitalisasi and IT,Sarjana S1 / Diploma IV,PT RNI (Persero)
Staf Finance & Accounting,PT RNI (Persero) - ID FOOD - PT Garam,Keuangan,Sarjana S1 / Diploma IV,PT RNI (Persero)
Staf Teknik & Perencanaan,PT RNI (Persero) - ID FOOD - PT Garam,Sistem Management and Safety,Sarjana S1 / Diploma IV,PT RNI (Persero)
Staf Teknik & Perencanaan,PT RNI (Persero) - ID FOOD - PT Garam,Engineering and Maintenance,Sarjana S1 / Diploma IV,PT RNI (Persero)
Staf Corporate Legal,PT RNI (Persero) - ID FOOD - PT Garam,Legal and Compliance,Sarjana S1 / Diploma IV,PT RNI (Persero)
Staf Investasi & Perencanaan Strategis,PT RNI (Persero) - ID FOOD - PT Garam,Strategic Planning,Sarjana S1 / Diploma IV,PT RNI (Persero)
Staf Industri Garam,PT RNI (Persero) - ID FOOD - PT Garam,Engineering and Maintenance,Sarjana S1 / Diploma IV,PT RNI (Persero)
Staf Industri Garam,PT RNI (Persero) - ID FOOD - PT Garam,Engineering and Maintenance,Sarjana S1 / Diploma IV,PT RNI (Persero)
Staf Industri Garam,PT RNI (Persero) - ID FOOD - PT Garam,Engineering and Maintenance,Sarjana S1 / Diploma IV,PT RNI (Persero)
Staf Produksi Bahan Baku,PT RNI (Persero) - ID FOOD - PT Garam,Engineering and Maintenance,Sarjana S1 / Diploma IV,PT RNI (Persero)
Staf Produksi Bahan Baku,PT RNI (Persero) - ID FOOD - PT Garam,Engineering and Maintenance,Sarjana S1 / Diploma IV,PT RNI (Persero)
Staf Produksi Bahan Baku,PT RNI (Persero) - ID FOOD - PT Garam,Engineering and Maintenance,Sarjana S1 / Diploma IV,PT RNI (Persero)
Auditor,PT RNI (Persero) - ID FOOD - PT Perikanan Indonesia,Keuangan,Sarjana S1 / Diploma IV,PT RNI (Persero)
Akuntansi Keuangan,PT RNI (Persero) - ID FOOD - PT Perikanan Indonesia,Keuangan,Sarjana S1 / Diploma IV,PT RNI (Persero)
Programmer / Mobile/ Apps Developer,PT RNI (Persero) - ID FOOD - PT Perikanan Indonesia,Developer Information Technology,Sarjana S1 / Diploma IV,PT RNI (Persero)
Legal,PT RNI (Persero) - ID FOOD - PT Perikanan Indonesia,Legal and Compliance,Sarjana S1 / Diploma IV,PT RNI (Persero)
Staf Pabrikasi,PT RNI (Persero) - ID FOOD - PT PG Rajawali I,Engineering and Maintenance,Sarjana S1 / Diploma IV,PT RNI (Persero)
Staf Pengembangan SDM,PT RNI (Persero) - ID FOOD - PT PG Rajawali II,SDM / HC,Sarjana S1 / Diploma IV,PT RNI (Persero)
Staf Laboratorium,PT RNI (Persero) - ID FOOD - PT PG Rajawali II,Analyst Research,Sarjana S1 / Diploma IV,PT RNI (Persero)
Staf Pemuliaan Tanaman,PT RNI (Persero) - ID FOOD - PT PG Rajawali II,Analyst Research,Sarjana S1 / Diploma IV,PT RNI (Persero)
Marketing LD,PT RNI (Persero) - ID FOOD - PT Rajawali Nusindo,Bisnis Niaga / Pemasaran,Diploma III,PT RNI (Persero)
Teknisi,PT RNI (Persero) - ID FOOD - PT Rajawali Nusindo,Engineering and Maintenance,Diploma III,PT RNI (Persero)
Sales Health Care,PT RNI (Persero) - ID FOOD - PT Rajawali Nusindo,Bisnis Niaga / Pemasaran,Diploma III,PT RNI (Persero)
Sales Consumer,PT RNI (Persero) - ID FOOD - PT Rajawali Nusindo,Bisnis Niaga / Pemasaran,Diploma III,PT RNI (Persero)
Marketing Institusi,PT RNI (Persero) - ID FOOD - PT Rajawali Nusindo,Bisnis Niaga / Pemasaran,Diploma III,PT RNI (Persero)
Sekretaris Perusahaan,PT RNI (Persero) - ID FOOD - PT Mitra Ogan,Legal and Compliance,Sarjana S1 / Diploma IV,PT RNI (Persero)
Kepala Bagian SPI,PT RNI (Persero) - ID FOOD - PT Mitra Ogan,Legal and Compliance,Sarjana S1 / Diploma IV,PT RNI (Persero)
Kepala Urusan Aset,PT RNI (Persero) - ID FOOD - PT Mitra Ogan,Legal and Compliance,Sarjana S1 / Diploma IV,PT RNI (Persero)
Masinis Kepala PKS,PT RNI (Persero) - ID FOOD - PT Mitra Ogan,Sistem Management and Safety,Sarjana S1 / Diploma IV,PT RNI (Persero)
Staf Aset,PT RNI (Persero) - ID FOOD - PT Mitra Ogan,Legal and Compliance,Sarjana S1 / Diploma IV,PT RNI (Persero)
Staf Tanaman,PT RNI (Persero) - ID FOOD - PT Mitra Ogan,Analyst Research,Sarjana S1 / Diploma IV,PT RNI (Persero)
Staf Legal,PT RNI (Persero) - ID FOOD - PT Mitra Ogan,Legal and Compliance,Sarjana S1 / Diploma IV,PT RNI (Persero)
Staf System,PT RNI (Persero) - ID FOOD - PT Mitra Ogan,Legal and Compliance,Sarjana S1 / Diploma IV,PT RNI (Persero)
Staf SPI,PT RNI (Persero) - ID FOOD - PT Mitra Ogan,Legal and Compliance,Sarjana S1 / Diploma IV,PT RNI (Persero)
Akuntansi,PT RNI (Persero) - ID FOOD - PT Rajawali Citramass,Keuangan,Diploma III,PT RNI (Persero)
Akuntansi,PT RNI (Persero) - ID FOOD - PT Rajawali Citramass,Keuangan,Diploma III,PT RNI (Persero)
STAF SINDER KEBUN WILAYAH (SKW),PT RNI (Persero) - ID FOOD - PT PG Candi Baru,Operasi / Produksi / Proyek,Sarjana S1 / Diploma IV,PT RNI (Persero)
STAF UMUM,PT RNI (Persero) - ID FOOD - PT PG Candi Baru,Legal and Compliance,Sarjana S1 / Diploma IV,PT RNI (Persero)
Staf Teknologi Informasi (TI),PT RNI (Persero) - ID FOOD - PT Mitra Kerinci,Digitalisasi and IT,Sarjana S1 / Diploma IV,PT RNI (Persero)
Asisten Tanaman,PT RNI (Persero) - ID FOOD - PT Mitra Kerinci,Operasi / Produksi / Proyek,Sarjana S1 / Diploma IV,PT RNI (Persero)
Supervisor Marketing / Sales,PT RNI (Persero) - ID FOOD - PT Rajawali Tanjungsari Enjiniring,Bisnis Niaga / Pemasaran,Sarjana S1 / Diploma IV,PT RNI (Persero)
Pelaksana Marketing / Sales,PT RNI (Persero) - ID FOOD - PT Rajawali Tanjungsari Enjiniring,Bisnis Niaga / Pemasaran,Sarjana S1 / Diploma IV,PT RNI (Persero)
Staf IT,PT RNI (Persero) - ID FOOD - PT GIEB Indonesia,Digitalisasi and IT,Sarjana S1 / Diploma IV,PT RNI (Persero)
General Operasional,PT RNI (Persero) - ID FOOD - PT Laras Astra Kartika,Operasi / Produksi / Proyek,Sarjana S1 / Diploma IV,PT RNI (Persero)
Masinis Kepala,PT RNI (Persero) - ID FOOD - PT Laras Astra Kartika,Operasi / Produksi / Proyek,Sarjana S1 / Diploma IV,PT RNI (Persero)
Assisten Kepala,PT RNI (Persero) - ID FOOD - PT Laras Astra Kartika,Operasi / Produksi / Proyek,Sarjana S1 / Diploma IV,PT RNI (Persero)
Admin Komersil,PT RNI (Persero) - ID FOOD - PT Perusahan Perdagangan Indonesia,Keuangan,Sarjana S1 / Diploma IV,PT RNI (Persero)
Apoteker,PT RNI (Persero) - ID FOOD - PT Perusahan Perdagangan Indonesia,Operasi / Produksi / Proyek,Sarjana S1 / Diploma IV,PT RNI (Persero)
Account Receivable (AR),PT RNI (Persero) - ID FOOD - PT Perusahan Perdagangan Indonesia,Bisnis Niaga / Pemasaran,Sarjana S1 / Diploma IV,PT RNI (Persero)
Kasir,PT RNI (Persero) - ID FOOD - PT Perusahan Perdagangan Indonesia,Treasury,Diploma III,PT RNI (Persero)
Legal Kontrak Litigasi,PT RNI (Persero) - ID FOOD - PT Perusahan Perdagangan Indonesia,Legal and Compliance,Sarjana S1 / Diploma IV,PT RNI (Persero)
Salesman Bahan Pokok,PT RNI (Persero) - ID FOOD - PT Perusahan Perdagangan Indonesia,Bisnis Niaga / Pemasaran,Sarjana S1 / Diploma IV,PT RNI (Persero)
Salesman Farmasi,PT RNI (Persero) - ID FOOD - PT Perusahan Perdagangan Indonesia,Bisnis Niaga / Pemasaran,Sarjana S1 / Diploma IV,PT RNI (Persero)
Salesman Saprotan,PT RNI (Persero) - ID FOOD - PT Perusahan Perdagangan Indonesia,Bisnis Niaga / Pemasaran,Sarjana S1 / Diploma IV,PT RNI (Persero)
Asesor,PT RNI (Persero) - ID FOOD - PT Perusahan Perdagangan Indonesia,SDM / HC,S2-Pasca Sarjana,PT RNI (Persero)
Risk Officer,PT Biro Klasifikasi Indonesia (Persero),Risk Management,Sarjana S1 / Diploma IV,PT Biro Klasifikasi Indonesia (Persero)
Corporate Communication Officer,PT Biro Klasifikasi Indonesia (Persero),Bisnis Niaga / Pemasaran,Sarjana S1 / Diploma IV,PT Biro Klasifikasi Indonesia (Persero)
IT System Development Specialist,PT Biro Klasifikasi Indonesia (Persero) - PT SUCOFINDO,Developer Information Technology,Sarjana S1 / Diploma IV,PT Biro Klasifikasi Indonesia (Persero)
Sustainability Specialist,PT Biro Klasifikasi Indonesia (Persero) - PT Surveyor Indonesia,Analyst Research,Sarjana S1 / Diploma IV,PT Biro Klasifikasi Indonesia (Persero)
Data Science,PT Biro Klasifikasi Indonesia (Persero) - PT Surveyor Indonesia,Digitalisasi and IT,Sarjana S1 / Diploma IV,PT Biro Klasifikasi Indonesia (Persero)
Verifikator,PT Biro Klasifikasi Indonesia (Persero) - PT Surveyor Indonesia,Operasi / Produksi / Proyek,Sarjana S1 / Diploma IV,PT Biro Klasifikasi Indonesia (Persero)
Land Transportation Jr Officer,PT Semen Indonesia (Persero) Tbk,Logistic / Supply Chain / Asset / GA,Sarjana S1 / Diploma IV,PT Semen Indonesia (Persero) Tbk
Procurement Jr Officer,PT Semen Indonesia (Persero) Tbk,Logistic / Supply Chain / Asset / GA,Sarjana S1 / Diploma IV,PT Semen Indonesia (Persero) Tbk
Tax Junior Officer,PT Semen Indonesia (Persero) Tbk,Keuangan,Sarjana S1 / Diploma IV,PT Semen Indonesia (Persero) Tbk
Material QA Junior Officer,PT Semen Indonesia (Persero) Tbk,Operasi / Produksi / Proyek,Sarjana S1 / Diploma IV,PT Semen Indonesia (Persero) Tbk
Product QA Junior Officer,PT Semen Indonesia (Persero) Tbk,Operasi / Produksi / Proyek,Sarjana S1 / Diploma IV,PT Semen Indonesia (Persero) Tbk
Process Evaluation Jr Officer,PT Semen Indonesia (Persero) Tbk,Operasi / Produksi / Proyek,Sarjana S1 / Diploma IV,PT Semen Indonesia (Persero) Tbk
Electrical Inspection Jr Engineer,PT Semen Indonesia (Persero) Tbk,Operasi / Produksi / Proyek,Sarjana S1 / Diploma IV,PT Semen Indonesia (Persero) Tbk
Retail Sales RTM Jr Officer,PT Semen Indonesia (Persero) Tbk,Bisnis Niaga / Pemasaran,Sarjana S1 / Diploma IV,PT Semen Indonesia (Persero) Tbk
Staff of legal,PT Semen Indonesia (Persero) Tbk - PT Semen Tonasa,Legal and Compliance,Sarjana S1 / Diploma IV,PT Semen Indonesia (Persero) Tbk
Staf Perenc. Evaluasi Pemeliharaan,PT Semen Indonesia (Persero) Tbk - PT Semen Tonasa,Engineering and Maintenance,Sarjana S1 / Diploma IV,PT Semen Indonesia (Persero) Tbk
Legal Officer,PT Semen Indonesia (Persero) Tbk - PT Semen Padang,Legal and Compliance,Sarjana S1 / Diploma IV,PT Semen Indonesia (Persero) Tbk
QC Officer,PT Semen Indonesia (Persero) Tbk - PT Semen Padang,Analyst Research,Sarjana S1 / Diploma IV,PT Semen Indonesia (Persero) Tbk
Staff Keuangan & Akutansi,PT Semen Indonesia (Persero) Tbk - PT Semen Gresik,Keuangan,Sarjana S1 / Diploma IV,PT Semen Indonesia (Persero) Tbk
PROCESS ENGINEER,"PT Semen Indonesia (Persero) Tbk - PT. Solusi Bangun Indonesia, Tbk",Engineering and Maintenance,Sarjana S1 / Diploma IV,PT Semen Indonesia (Persero) Tbk
Branch Office - Customer Services,PT Asabri (Persero),Bisnis Niaga / Pemasaran,Sarjana S1 / Diploma IV,PT Asabri (Persero)
Branch Office - Administration Staff,PT Asabri (Persero),Bisnis Niaga / Pemasaran,Sarjana S1 / Diploma IV,PT Asabri (Persero)
Internal Audit Staff,PT Asabri (Persero),Legal and Compliance,Sarjana S1 / Diploma IV,PT Asabri (Persero)
Corporate Social Responsibility (CSR) Staff,PT Asabri (Persero),Operasi / Produksi / Proyek,Sarjana S1 / Diploma IV,PT Asabri (Persero)
Change Management Staff,PT Asabri (Persero),Sistem Management and Safety,Sarjana S1 / Diploma IV,PT Asabri (Persero)
Actuarial Staff,PT Asabri (Persero),Analyst Research,Sarjana S1 / Diploma IV,PT Asabri (Persero)
Data Management Staff,PT Asabri (Persero),Digitalisasi and IT,Sarjana S1 / Diploma IV,PT Asabri (Persero)
Organization Development and Performance Management Staff,PT Asabri (Persero),SDM / HC,Sarjana S1 / Diploma IV,PT Asabri (Persero)
Learning and Culture Staff,PT Asabri (Persero),SDM / HC,Sarjana S1 / Diploma IV,PT Asabri (Persero)
HR Services Staff,PT Asabri (Persero),SDM / HC,Sarjana S1 / Diploma IV,PT Asabri (Persero)
Assets Management Staff,PT Asabri (Persero),Logistic / Supply Chain / Asset / GA,Sarjana S1 / Diploma IV,PT Asabri (Persero)
Compliance Staff,PT Asabri (Persero),Legal and Compliance,Sarjana S1 / Diploma IV,PT Asabri (Persero)
Finance Staff,PT Asabri (Persero),Keuangan,Sarjana S1 / Diploma IV,PT Asabri (Persero)
Staf Administrasi Personalia,Perum Damri,SDM / HC,Sarjana S1 / Diploma IV,Perum Damri
Staf Hukum Bisnis,Perum Damri,Legal and Compliance,Sarjana S1 / Diploma IV,Perum Damri
Staf Pengembangan Karyawan,Perum Damri,SDM / HC,Sarjana S1 / Diploma IV,Perum Damri
Staf Desain Komunikasi Visual,Perum Damri,Digitalisasi and IT,Sarjana S1 / Diploma IV,Perum Damri
Staf Komunikasi Perusahaan,Perum Damri,Bisnis Niaga / Pemasaran,Sarjana S1 / Diploma IV,Perum Damri
Asisten Tanaman,PT Perkebunan Nusantara III (Persero) - PT Perkebunan Nusantara IV,Operasi / Produksi / Proyek,Sarjana S1 / Diploma IV,PT Perkebunan Nusantara III (Persero)
Asisten Teknik & Pengolahan,PT Perkebunan Nusantara III (Persero) - PT Perkebunan Nusantara IV,Operasi / Produksi / Proyek,Sarjana S1 / Diploma IV,PT Perkebunan Nusantara III (Persero)
Asisten Akuntansi & Keuangan,PT Perkebunan Nusantara III (Persero) - PT Perkebunan Nusantara IV,Keuangan,Sarjana S1 / Diploma IV,PT Perkebunan Nusantara III (Persero)
Asisten SDM & Umum,PT Perkebunan Nusantara III (Persero) - PT Perkebunan Nusantara IV,SDM / HC,Sarjana S1 / Diploma IV,PT Perkebunan Nusantara III (Persero)
Asisten Tanaman,PT Perkebunan Nusantara III (Persero) - PT Perkebunan Nusantara VII,Operasi / Produksi / Proyek,Sarjana S1 / Diploma IV,PT Perkebunan Nusantara III (Persero)
Asisten Teknik & Pengolahan,PT Perkebunan Nusantara III (Persero) - PT Perkebunan Nusantara VII,Operasi / Produksi / Proyek,Sarjana S1 / Diploma IV,PT Perkebunan Nusantara III (Persero)
Asisten Akuntansi & Keuangan,PT Perkebunan Nusantara III (Persero) - PT Perkebunan Nusantara VII,Keuangan,Sarjana S1 / Diploma IV,PT Perkebunan Nusantara III (Persero)
Asisten SDM & Umum,PT Perkebunan Nusantara III (Persero) - PT Perkebunan Nusantara VII,SDM / HC,Sarjana S1 / Diploma IV,PT Perkebunan Nusantara III (Persero)
Asisten Tanaman,PT Perkebunan Nusantara III (Persero) - PT Perkebunan Nusantara XIII,Operasi / Produksi / Proyek,Sarjana S1 / Diploma IV,PT Perkebunan Nusantara III (Persero)
Asisten Teknik & Pengolahan,PT Perkebunan Nusantara III (Persero) - PT Perkebunan Nusantara XIII,Operasi / Produksi / Proyek,Sarjana S1 / Diploma IV,PT Perkebunan Nusantara III (Persero)
Asisten Akuntansi & Keuangan,PT Perkebunan Nusantara III (Persero) - PT Perkebunan Nusantara XIII,Keuangan,Sarjana S1 / Diploma IV,PT Perkebunan Nusantara III (Persero)
Asisten SDM & Umum,PT Perkebunan Nusantara III (Persero) - PT Perkebunan Nusantara XIII,SDM / HC,Sarjana S1 / Diploma IV,PT Perkebunan Nusantara III (Persero)
Asisten Teknologi Informasi,PT Perkebunan Nusantara III (Persero) - PT Perkebunan Nusantara XIII,Digitalisasi and IT,Sarjana S1 / Diploma IV,PT Perkebunan Nusantara III (Persero)
IT Helpdesk,PT Brantas Abipraya (Persero),Digitalisasi and IT,Diploma III,PT Brantas Abipraya (Persero)
IT Infrastructure & Operations,PT Brantas Abipraya (Persero),Digitalisasi and IT,Diploma III,PT Brantas Abipraya (Persero)
IT Development,PT Brantas Abipraya (Persero),Developer Information Technology,Diploma III,PT Brantas Abipraya (Persero)
Staf Inovasi & Teknologi,PT Brantas Abipraya (Persero),Developer Information Technology,Diploma III,PT Brantas Abipraya (Persero)
Associate,PT Pupuk Indonesia (Persero),Operasi / Produksi / Proyek,Sarjana S1 / Diploma IV,PT Pupuk Indonesia (Persero)
Associate,PT Pupuk Indonesia (Persero),Digitalisasi and IT,Sarjana S1 / Diploma IV,PT Pupuk Indonesia (Persero)
Associate,PT Pupuk Indonesia (Persero),Digitalisasi and IT,Sarjana S1 / Diploma IV,PT Pupuk Indonesia (Persero)
Associate,PT Pupuk Indonesia (Persero),Digitalisasi and IT,Sarjana S1 / Diploma IV,PT Pupuk Indonesia (Persero)
Associate,PT Pupuk Indonesia (Persero),Operasi / Produksi / Proyek,Sarjana S1 / Diploma IV,PT Pupuk Indonesia (Persero)
Product Development & Design,Perum Percetakan Uang Republik Indonesia,Pengembangan Usaha / R and D,Sarjana S1 / Diploma IV,Perum Percetakan Uang Republik Indonesia
Production Operator,Perum Percetakan Uang Republik Indonesia,Operasi / Produksi / Proyek,Diploma III,Perum Percetakan Uang Republik Indonesia
Manajemen Trainee,PT Jasa Marga (Persero) Tbk,Operasi / Produksi / Proyek,Sarjana S1 / Diploma IV,PT Jasa Marga (Persero) Tbk
Staff,Perum Jasa Tirta II,Keuangan,Sarjana S1 / Diploma IV,Perum Jasa Tirta II
Staff,Perum Jasa Tirta II,Strategic Planning,Sarjana S1 / Diploma IV,Perum Jasa Tirta II
Staff,Perum Jasa Tirta II,Risk Management,Sarjana S1 / Diploma IV,Perum Jasa Tirta II
Staff,Perum Jasa Tirta II,Logistic / Supply Chain / Asset / GA,Sarjana S1 / Diploma IV,Perum Jasa Tirta II
Staff,Perum Jasa Tirta II,Strategic Planning,Sarjana S1 / Diploma IV,Perum Jasa Tirta II
Staff,Perum Jasa Tirta II,Engineering and Maintenance,Sarjana S1 / Diploma IV,Perum Jasa Tirta II
Staff,Perum Jasa Tirta II,Engineering and Maintenance,Sarjana S1 / Diploma IV,Perum Jasa Tirta II
Staff,Perum Jasa Tirta II,Engineering and Maintenance,Diploma III,Perum Jasa Tirta II
Officer,PT Hutama Karya (Persero),Engineering and Maintenance,Sarjana S1 / Diploma IV,PT Hutama Karya (Persero)
Officer,PT Hutama Karya (Persero),Engineering and Maintenance,Sarjana S1 / Diploma IV,PT Hutama Karya (Persero)
Officer,PT Hutama Karya (Persero),Legal and Compliance,Sarjana S1 / Diploma IV,PT Hutama Karya (Persero)
Officer,PT Hutama Karya (Persero),Keuangan,Sarjana S1 / Diploma IV,PT Hutama Karya (Persero)
Administrasi Perkantoran,Perum Perumnas,Logistic / Supply Chain / Asset / GA,Sarjana S1 / Diploma IV,Perum Perumnas
Officer Pemeliharaan Jaringan,PT Perusahaan Listrik Negara (Persero),Engineering and Maintenance,Sarjana S1 / Diploma IV,PT Perusahaan Listrik Negara (Persero)
Officer Asesmen dan Diagnosa,PT Perusahaan Listrik Negara (Persero),Operasi / Produksi / Proyek,Sarjana S1 / Diploma IV,PT Perusahaan Listrik Negara (Persero)
Officer Pemasaran,PT Perusahaan Listrik Negara (Persero),Bisnis Niaga / Pemasaran,Sarjana S1 / Diploma IV,PT Perusahaan Listrik Negara (Persero)
Junior Analyst Bidang Aktuaria,PT Pos Indonesia (Persero),Analyst Research,Sarjana S1 / Diploma IV,PT Pos Indonesia (Persero)
Junior Analyst Bidang Digital,PT Pos Indonesia (Persero),Digitalisasi and IT,Sarjana S1 / Diploma IV,PT Pos Indonesia (Persero)
Engineer,PT Pos Indonesia (Persero) - PT Pos Properti Indonesia,Engineering and Maintenance,Diploma III,PT Pos Indonesia (Persero)
Sales Support Specialist,PT Pos Indonesia (Persero) - PT Pos Logistik Indonesia,Bisnis Niaga / Pemasaran,Sarjana S1 / Diploma IV,PT Pos Indonesia (Persero)
Risk Management Manager,PT Pos Indonesia (Persero) - PT Pos Logistik Indonesia,Risk Management,Sarjana S1 / Diploma IV,PT Pos Indonesia (Persero)
Operation Supervisor,PT Pos Indonesia (Persero) - PT Pos Logistik Indonesia,Logistic / Supply Chain / Asset / GA,Sarjana S1 / Diploma IV,PT Pos Indonesia (Persero)
QHSSE Specialist,PT Pos Indonesia (Persero) - PT Pos Logistik Indonesia,Sistem Management and Safety,Sarjana S1 / Diploma IV,PT Pos Indonesia (Persero)
Operation Staff,PT Pos Indonesia (Persero) - PT Pos Logistik Indonesia,Operasi / Produksi / Proyek,Diploma III,PT Pos Indonesia (Persero)
Organization Development & Talent Management Assistant Manager,PT Pos Indonesia (Persero) - PT Pos Logistik Indonesia,SDM / HC,Sarjana S1 / Diploma IV,PT Pos Indonesia (Persero)
System Development & Integration Manager,PT Pos Indonesia (Persero) - PT Pos Logistik Indonesia,Developer Information Technology,Sarjana S1 / Diploma IV,PT Pos Indonesia (Persero)
Legal Assistant Manager,PT Pos Indonesia (Persero) - PT Pos Logistik Indonesia,Legal and Compliance,Sarjana S1 / Diploma IV,PT Pos Indonesia (Persero)
Industrial Relation Specialist,PT Pos Indonesia (Persero) - PT Pos Logistik Indonesia,SDM / HC,Sarjana S1 / Diploma IV,PT Pos Indonesia (Persero)
Operator,PT Pertamina (Persero) - PT Kilang Pertamina Internasional - PT Kilang Pertamina Balikpapan,Operasi / Produksi / Proyek,Diploma III,PT Pertamina (Persero)
Operator,PT Pertamina (Persero) - PT Kilang Pertamina Internasional - PT Kilang Pertamina Balikpapan,Operasi / Produksi / Proyek,Diploma III,PT Pertamina (Persero)
Operator,PT Pertamina (Persero) - PT Kilang Pertamina Internasional - PT Kilang Pertamina Balikpapan,Operasi / Produksi / Proyek,Diploma III,PT Pertamina (Persero)
Product & Risk Analyst,Perum Lembaga Kantor Berita Nasional Antara - PT Antara ETP,Analyst Research,Sarjana S1 / Diploma IV,Perum Lembaga Kantor Berita Nasional Antara
Legal & Compliance Analyst,Perum Lembaga Kantor Berita Nasional Antara - PT Antara ETP,Legal and Compliance,Sarjana S1 / Diploma IV,Perum Lembaga Kantor Berita Nasional Antara
Corporate Affairs Analyst,Perum Lembaga Kantor Berita Nasional Antara - PT Antara ETP,Logistic / Supply Chain / Asset / GA,Sarjana S1 / Diploma IV,Perum Lembaga Kantor Berita Nasional Antara
Officer Contract Administration,PT Pembangunan Perumahan (Persero) Tbk,Legal and Compliance,Sarjana S1 / Diploma IV,PT Pembangunan Perumahan (Persero) Tbk
Officer Engineering,PT Pembangunan Perumahan (Persero) Tbk,Engineering and Maintenance,Sarjana S1 / Diploma IV,PT Pembangunan Perumahan (Persero) Tbk
Petugas Pandu,PT Pelabuhan Indonesia (Persero),Operasi / Produksi / Proyek,Sarjana S1 / Diploma IV,PT Pelabuhan Indonesia (Persero)
Staf BIM Engineer,PT Virama Karya (Persero),Engineering and Maintenance,Sarjana S1 / Diploma IV,PT Virama Karya (Persero)
Peraturan dan Kebijakan Hukum,PT ASDP Indonesia Ferry (Persero),Legal and Compliance,Sarjana S1 / Diploma IV,PT ASDP Indonesia Ferry (Persero)
Administrasi Hukum,PT ASDP Indonesia Ferry (Persero),Legal and Compliance,Diploma III,PT ASDP Indonesia Ferry (Persero)
Pengadaan,PT ASDP Indonesia Ferry (Persero),Logistic / Supply Chain / Asset / GA,Sarjana S1 / Diploma IV,PT ASDP Indonesia Ferry (Persero)
Logistik dan Pergudangan,PT ASDP Indonesia Ferry (Persero),Logistic / Supply Chain / Asset / GA,Sarjana S1 / Diploma IV,PT ASDP Indonesia Ferry (Persero)
Strategi Pengembangan SDM,PT ASDP Indonesia Ferry (Persero),SDM / HC,Sarjana S1 / Diploma IV,PT ASDP Indonesia Ferry (Persero)
Corporate Communication,PT ASDP Indonesia Ferry (Persero),Logistic / Supply Chain / Asset / GA,Sarjana S1 / Diploma IV,PT ASDP Indonesia Ferry (Persero)
Pengadaan Pembelian & Pembangunan Armada,PT ASDP Indonesia Ferry (Persero),Logistic / Supply Chain / Asset / GA,Sarjana S1 / Diploma IV,PT ASDP Indonesia Ferry (Persero)
Aset Produksi,PT ASDP Indonesia Ferry (Persero),Logistic / Supply Chain / Asset / GA,Sarjana S1 / Diploma IV,PT ASDP Indonesia Ferry (Persero)
Commercial & Operations Data Management,PT ASDP Indonesia Ferry (Persero),Analyst Research,Sarjana S1 / Diploma IV,PT ASDP Indonesia Ferry (Persero)
Evaluasi Kinerja Perintis,PT ASDP Indonesia Ferry (Persero),Logistic / Supply Chain / Asset / GA,Sarjana S1 / Diploma IV,PT ASDP Indonesia Ferry (Persero)
Operasional TI,PT ASDP Indonesia Ferry (Persero),Digitalisasi and IT,Sarjana S1 / Diploma IV,PT ASDP Indonesia Ferry (Persero)
Pengembangan TI,PT ASDP Indonesia Ferry (Persero),Developer Information Technology,Sarjana S1 / Diploma IV,PT ASDP Indonesia Ferry (Persero)
Performa dan Reward,PT ASDP Indonesia Ferry (Persero),SDM / HC,Sarjana S1 / Diploma IV,PT ASDP Indonesia Ferry (Persero)
Asisten Kredit Standar,PT Bank Negara Indonesia (Persero) Tbk,Bisnis Niaga / Pemasaran,Diploma III,PT Bank Negara Indonesia (Persero) Tbk
Sales,PT BNI LIFE INSURANE - PT BANK NEGARA INDONESIA (Persero) Tbk,Bisnis Niaga / Pemasaran,Diploma III,PT BNI LIFE INSURANE
Customer Marketing Officer,PT BNI MULTIFINANCE - PT BANK NEGARA INDONESIA (Persero) Tbk,Bisnis Niaga / Pemasaran,Diploma III,PT BNI MULTIFINANCE
FINANCE,PT Telkom Indonesia (Persero) Tbk,Keuangan,Sarjana S1 / Diploma IV,PT Telkom Indonesia (Persero) Tbk
LEGAL & COMPLIANCE,PT Telkom Indonesia (Persero) Tbk,Legal and Compliance,Sarjana S1 / Diploma IV,PT Telkom Indonesia (Persero) Tbk
MANAGEMENT TRAINEE,PT Telkom Indonesia (Persero) Tbk - PT Dayamitra Telekomunikasi Tbk,Operasi / Produksi / Proyek,Sarjana S1 / Diploma IV,PT Telkom Indonesia (Persero) Tbk
JUNIOR ACCOUNT MANAGER 2,PT Telkom Indonesia (Persero) Tbk - PT. Telekomunikasi Indonesia Internasional (PT Telkom Indonesia (Persero) Tbk),Bisnis Niaga / Pemasaran,Sarjana S1 / Diploma IV,PT Telkom Indonesia (Persero) Tbk
OFFICER 2 ENTERPRISE STRATEGY & PLANNING,PT Telkom Indonesia (Persero) Tbk - PT. Telekomunikasi Indonesia Internasional (PT Telkom Indonesia (Persero) Tbk),Strategic Planning,Sarjana S1 / Diploma IV,PT Telkom Indonesia (Persero) Tbk
OFFICER 2 CDCO STRATEGY & PLANNING,PT Telkom Indonesia (Persero) Tbk - PT. Telekomunikasi Indonesia Internasional (PT Telkom Indonesia (Persero) Tbk),Strategic Planning,Sarjana S1 / Diploma IV,PT Telkom Indonesia (Persero) Tbk
OFFICER 2 ENTERPRISE PRODUCT STRATEGY & READINESS,PT Telkom Indonesia (Persero) Tbk - PT. Telekomunikasi Indonesia Internasional (PT Telkom Indonesia (Persero) Tbk),Strategic Planning,Sarjana S1 / Diploma IV,PT Telkom Indonesia (Persero) Tbk
OFFICER 2 IT AUDIT,PT Telkom Indonesia (Persero) Tbk - PT. Telekomunikasi Indonesia Internasional (PT Telkom Indonesia (Persero) Tbk),Logistic / Supply Chain / Asset / GA,Sarjana S1 / Diploma IV,PT Telkom Indonesia (Persero) Tbk
OFFICER 2 TRANSFORMATION MANAGEMENT OFFICE PLANNING & MONITORING,PT Telkom Indonesia (Persero) Tbk - PT. Telekomunikasi Indonesia Internasional (PT Telkom Indonesia (Persero) Tbk),Strategic Planning,Sarjana S1 / Diploma IV,PT Telkom Indonesia (Persero) Tbk
OFFICER 2 SUBSEA PROJECT ORCHESTRATION 2,PT Telkom Indonesia (Persero) Tbk - PT. Telekomunikasi Indonesia Internasional (PT Telkom Indonesia (Persero) Tbk),Operasi / Produksi / Proyek,Sarjana S1 / Diploma IV,PT Telkom Indonesia (Persero) Tbk
OFFICER 2 PRODUCT INNOVATION & DEVELOPMENT III,PT Telkom Indonesia (Persero) Tbk - PT. Telekomunikasi Indonesia Internasional (PT Telkom Indonesia (Persero) Tbk),Pengembangan Usaha / R and D,Sarjana S1 / Diploma IV,PT Telkom Indonesia (Persero) Tbk
Dokter,PT Kereta Api Indonesia (Persero),Sistem Management and Safety,Sarjana S1 / Diploma IV,PT Kereta Api Indonesia (Persero)
Public Relation Staff,PT Kereta Api Indonesia (Persero),Bisnis Niaga / Pemasaran,Sarjana S1 / Diploma IV,PT Kereta Api Indonesia (Persero)
IT Staff,PT Kereta Api Indonesia (Persero),Developer Information Technology,Sarjana S1 / Diploma IV,PT Kereta Api Indonesia (Persero)
Finance Staff,PT Kereta Api Indonesia (Persero),Keuangan,Diploma III,PT Kereta Api Indonesia (Persero)
Finance Staff,PT Kereta Api Indonesia (Persero),Keuangan,Sarjana S1 / Diploma IV,PT Kereta Api Indonesia (Persero)
Legal Staff,PT Kereta Api Indonesia (Persero),Legal and Compliance,Sarjana S1 / Diploma IV,PT Kereta Api Indonesia (Persero)
Building Staff,PT Kereta Api Indonesia (Persero),Engineering and Maintenance,Sarjana S1 / Diploma IV,PT Kereta Api Indonesia (Persero)
Strategic Planning Staff,PT Kereta Api Indonesia (Persero),Strategic Planning,Sarjana S1 / Diploma IV,PT Kereta Api Indonesia (Persero)
1. Akuntansi,PT Primissima (Persero),Keuangan,Sarjana S1 / Diploma IV,PT Primissima (Persero)
2. Produksi,PT Primissima (Persero),Operasi / Produksi / Proyek,Sarjana S1 / Diploma IV,PT Primissima (Persero)
3. Pemasaran & Pengadaan Barang,PT Primissima (Persero),Bisnis Niaga / Pemasaran,Sarjana S1 / Diploma IV,PT Primissima (Persero)
4. HRD,PT Primissima (Persero),SDM / HC,Sarjana S1 / Diploma IV,PT Primissima (Persero)
5. Internal Audit,PT Primissima (Persero),Legal and Compliance,Sarjana S1 / Diploma IV,PT Primissima (Persero)
Staf Teknik Sipil,Perum Jasa Tirta I,Engineering and Maintenance,Sarjana S1 / Diploma IV,Perum Jasa Tirta I
Staf Akuntansi,Perum Jasa Tirta I,Treasury,Sarjana S1 / Diploma IV,Perum Jasa Tirta I
General Banking Staff,PT Bank Mandiri (Persero) Tbk,Bisnis Niaga / Pemasaran,Sarjana S1 / Diploma IV,PT Bank Mandiri (Persero) Tbk
Back Office Staff (Non IT),PT Bank Mandiri (Persero) Tbk,Capital Market Investment Banking,Sarjana S1 / Diploma IV,PT Bank Mandiri (Persero) Tbk
Back Office Staff (IT),PT Bank Mandiri (Persero) Tbk,Digitalisasi and IT,Sarjana S1 / Diploma IV,PT Bank Mandiri (Persero) Tbk
Staf TJSL,PT RNI (Persero) - ID FOOD,Strategic Planning,Sarjana S1 / Diploma IV,PT RNI (Persero)
Sekretaris,PT RNI (Persero) - ID FOOD,Legal and Compliance,Diploma III,PT RNI (Persero)
Kerjasama Strategis,PT ASDP Indonesia Ferry (Persero),Strategic Planning,Sarjana S1 / Diploma IV,PT ASDP Indonesia Ferry (Persero)
Transaction Processing Staff,PT Bank Tabungan Negara (Persero) Tbk,Keuangan,Sarjana S1 / Diploma IV,PT Bank Tabungan Negara (Persero) Tbk
Branch Funding Support,PT Bank Tabungan Negara (Persero) Tbk,Keuangan,Sarjana S1 / Diploma IV,PT Bank Tabungan Negara (Persero) Tbk
Loan Service,PT Bank Tabungan Negara (Persero) Tbk,Keuangan,Sarjana S1 / Diploma IV,PT Bank Tabungan Negara (Persero) Tbk
Collective Staff,PT Bank Tabungan Negara (Persero) Tbk,Keuangan,Sarjana S1 / Diploma IV,PT Bank Tabungan Negara (Persero) Tbk
